# Английские переводы названий упражнений (GymCore i18n). Кодировка UTF-8, разделитель — табы.
# name_ru — КЛЮЧ: точное exercises.name из БД (менять нельзя); name_en — перевод (пусто = нет перевода).
# Импорт: npm run db:i18n:import (идемпотентно). Проверка без записи: npm run db:i18n:import -- --dry-run
name_ru	name_en
Боковые наклоны через «козла»	Side Bends over the Vaulting Horse
Боковые подтягивания на простыне	Side Pull-ups on a Sheet
Боковые подтягивания на TRX	Side Pull-ups on TRX
Болгарские приседания в машине смита	Bulgarian Split Squats in Smith Machine
Болгарские приседания на TRX	Bulgarian Split Squats on TRX
Болгарские приседания с резиной	Bulgarian Split Squats with Resistance Band
Вращение корпуса с резиной стоя	Standing Torso Rotation with Resistance Band
Вращение корпуса стоя/сидя	Torso Rotation Standing/Seated
Вращения в тренажёре	Machine Torso Rotation
Выпады в бок	Side Lunges
Выпады в бок с резиной	Side Lunges with Resistance Band
Выпады на беговой дорожке	Lunges on the Treadmill
Выпады с гантелями	Dumbbell Lunges
Выпады с резиной	Resistance Band Lunges
Выпады с сэндбэгом перед собой	Sandbag Front Lunges
Выпады с ходьбой	Walking Lunges
Выпады со штангой	Barbell Lunges
Выпады со штангой в смите	Barbell Lunges in Smith Machine
Выпрыгивания со штангой	Barbell Jump Squats
Гоблет приседания	Goblet Squats
Жим в тренажёре на трицепс	Machine Triceps Press
Жим гантелей лёжа	Dumbbell Bench Press
Жим гантелей под углом	Incline Dumbbell Press
Жим гантелей стоя	Standing Dumbbell Press
Жим гантелями лёжа под углом вверх	Incline Dumbbell Bench Press
Жим гантелями лёжа под углом вниз	Decline Dumbbell Bench Press
Жим гирь стоя	Standing Kettlebell Press
Жим лёжа под углом вверх в смите	Incline Bench Press in Smith Machine
Жим лёжа узким хватом в смите	Close-Grip Bench Press in Smith Machine
Жим лёжа широким хватом в смите	Wide-Grip Bench Press in Smith Machine
Жим ногами в тренажере	Leg Press Machine
Жим ногами статичный	Static Leg Press
Жим одной ногой в тренажёре	Single-Leg Press Machine
Жим перед собой с резиной	Front Press with Resistance Band
Жим перед собой статичный	Static Front Press
Жим резины с груди стоя	Standing Band Chest Press
Жим руками вверх статичный	Static Overhead Press
Жим сидя вверх в тренажёре	Seated Machine Overhead Press
Жим сидя из-за головы в смите	Seated Behind-the-Neck Press in Smith Machine
Жим сидя с груди в смите	Seated Chest Press in Smith Machine
Жим хуя	
Жим штанги из-за головы	Barbell Behind-the-Neck Press
Жим штанги лежа	Barbell Bench Press
Жим штанги лёжа классический	Classic Barbell Bench Press
Жим штанги лёжа под углом вверх	Incline Barbell Bench Press
Жим штанги лёжа под углом вниз	Decline Barbell Bench Press
Жим штанги с груди сидя	Seated Barbell Chest Press
Жим штанги с груди стоя	Standing Barbell Chest Press
Запрыгивания на «козла»	Box Jumps onto the Vaulting Horse
Запрыгивания с сэндбэгом	Sandbag Jumps
Зашагивания на подставку с гантелями	Dumbbell Step-ups onto a Platform
Махи вперёд одной гантелей	Single Dumbbell Front Raises
Махи вперёд с нижнего блока	Low Pulley Front Raises
Махи вперёд со штангой	Barbell Front Raises
Махи гантели в сторону лёжа	Lying Dumbbell Side Raises
Махи гантелями в наклоне сидя	Seated Bent-Over Dumbbell Raises
Махи гантелями в стороны	Dumbbell Lateral Raises
Махи гантелями в стороны лёжа	Lying Dumbbell Lateral Raises
Махи гантелями вперёд	Dumbbell Front Raises
Махи ногой, лёжа на боку	Side-Lying Leg Raises
Махи перед собой с резиной	Front Raises with Resistance Band
Махи руками в стороны в кроссовере	Cable Crossover Lateral Raises
Махи руками назад в кроссовере	Cable Crossover Reverse Flys
Махи руками с нижнего блока в наклоне	Bent-Over Low Pulley Rear Delt Flys
Махи рукой в наклоне с резиной	Bent-Over Single-Arm Raises with Resistance Band
Махи рукой в сторону с нижнего блока	Single-Arm Low Pulley Lateral Raises
Махи рукой в сторону с резиной	Single-Arm Lateral Raises with Resistance Band
Наклоны в бок с гантелью	Dumbbell Side Bends
Наклоны в бок с резиной стоя	Standing Side Bends with Resistance Band
Наклоны в ГАКК тренажёре	Side Bends in the Hack Squat Machine
Наклоны с резиной	Side Bends with Resistance Band
Наклоны с сэндбэгом перед собой	Sandbag Side Bends
Наклоны со штангой в смите	Barbell Side Bends in Smith Machine
Наклоны со штангой на плечах	Barbell Side Bends with Bar on Shoulders
Обратная гиперэкстензия без тренажёра	Reverse Hyperextension without Machine
Обратные разведения в бабочке	Reverse Flys in Pec Deck
Отведение ноги на четвереньках	Quadruped Hip Abduction
Отведение ноги на четвереньках с резиной	Quadruped Hip Abduction with Resistance Band
Отведение ноги с резиной	Hip Abduction with Resistance Band
Отведение руки назад с резиной	Rear Arm Raise with Resistance Band
Отжимания вниз головой с помощью ног	Decline Push-ups
Отжимания на брусьях	Parallel Bar Dips
Отжимания на TRX узким хватом	Close-Grip TRX Push-ups
Отжимания на TRX широким хватом	Wide-Grip TRX Push-ups
Отжимания от брусьев	Dips on Parallel Bars
Отжимания от брусьев вниз головой	Decline Dips
Отжимания от брусьев горизонтально	Horizontal Dips
Отжимания от лавки сзади	Bench Dips
Отжимания от лавки сзади с резиной	Bench Dips with Resistance Band
Отжимания от лент / петель	Push-ups on Straps / Loops
Отжимания от пола с хлопками	Clap Push-ups
Отжимания от пола статичные	Static Push-ups
Отжимания от пола узким хв. с резиной	Close-Grip Push-ups with Resistance Band
Отжимания от пола широким хв. с резиной	Wide-Grip Push-ups with Resistance Band
Отжимания от пола широким хватом	Wide-Grip Push-ups
Отжимания от простыни узким хватом	Close-Grip Sheet Push-ups
Отжимания от простыни широким хватом	Wide-Grip Sheet Push-ups
Отжимания сзади на TRX	Triceps Push-ups on TRX
Отжимания узким хватом от пола	Close-Grip Push-ups
Отжимания широким хватом от лавки	Wide-Grip Bench Push-ups
Планка	Plank
Повороты головы в упоре лбом	Head Rotation in Forehead Support
Подтягив. на зад. дельту на простыне	Rear Delt Pull-ups on a Sheet
Подтягивание ног с резиной в упоре лёжа	Lying Knee Tucks with Resistance Band
Подтягивания	Pull-ups
Подтягивания в машине смита	Pull-ups in Smith Machine
Подтягивания вертикальные на TRX	Vertical TRX Pull-ups
Подтягивания за голову широким хватом	Wide-Grip Behind-the-Neck Pull-ups
Подтягивания лёжа на полу	Floor Pull-ups
Подтягивания на брусьях	Pull-ups on Parallel Bars
Подтягивания на брусьях с ногами	Parallel Bar Pull-ups with Leg Support
Подтягивания на заднюю дельту на TRX	Rear Delt Pull-ups on TRX
Подтягивания на лентах / петлях	Pull-ups on Straps / Loops
Подтягивания на простыне	Sheet Pull-ups
Подтягивания ног к груди на TRX	TRX Knee Tucks
Подтягивания обратным хв. в гравитроне	Reverse-Grip Assisted Pull-ups (Gravitron)
Подтягивания узким хватом	Close-Grip Pull-ups
Подтягивания широким хв. в гравитроне	Wide-Grip Assisted Pull-ups (Gravitron)
Подъём на носки в наклоне	Bent-Over Calf Raises
Подъём на носки стоя	Standing Calf Raises
Подъём ног в висе	Hanging Leg Raises
Подъём ног в упоре	Leg Raises in Support
Подъём ног лёжа	Lying Leg Raises
Подъём ног лёжа с резиной	Lying Leg Raises with Resistance Band
Подъём ног на наклонной скамье	Incline Bench Leg Raises
Подъём ног сидя на лавке	Seated Bench Leg Raises
Подъём одной ногой на подставку	Single-Leg Step-ups
Подъём рук вверх на простыне	Sheet Arm Raises
Подъём рук вверх на TRX	TRX Arm Raises
Подъём таза в боковой планке	Side Plank Hip Raises
Подъём таза лёжа	Lying Hip Thrusts
Подъём таза лёжа в смите	Lying Hip Thrusts in Smith Machine
Подъём таза лёжа на TRX	Lying Hip Thrusts on TRX
Подъём таза лёжа одной ногой	Single-Leg Lying Hip Thrusts
Подъем штанги на бицепс	Barbell Biceps Curl
Приведение локтей в кроссовере	Cable Crossover Elbow Adduction
Приведение ноги в кроссовере	Cable Crossover Hip Adduction
Приведение ноги в тренажёре	Machine Hip Adduction
Приведение ноги лёжа на боку	Side-Lying Hip Adduction
Приведение ноги с резиной	Hip Adduction with Resistance Band
Приведение рук снизу с гантелями	Low Dumbbell Chest Flys
Приведение руки с резиной	Arm Adduction with Resistance Band
Приведение руки снизу с резиной	Low Arm Adduction with Resistance Band
Приседания «сумо» (плие) в смите	Sumo (Plié) Squats in Smith Machine
Приседания в Смите с ногами впереди	Smith Machine Squats with Feet Forward
Приседания между ног статичные	Static Squats with Weight Between Legs
Приседания на одной ноге с простынёй	Single-Leg Squats on a Sheet
Приседания на одной ноге с TRX	Single-Leg Squats on TRX
Приседания назад с фиксацией голени	Reverse Squats with Shin Support
Приседания с весом между ног	Squats with Weight Between Legs
Приседания с гантелями	Dumbbell Squats
Приседания с паузой в седе	Paused Squats
Приседания с резиной	Resistance Band Squats
Приседания с резиной между ног	Squats with Resistance Band Between Legs
Приседания с сэндбэгом спереди	Front-Loaded Sandbag Squats
Приседания со штангой	Barbell Squats
Приседания со штангой «сумо» (плие)	Sumo (Plié) Barbell Squats
Приседания со штангой в смите	Barbell Squats in Smith Machine
Приседания статичные	Static Squats
Приседания-выпады на одной ноге	Single-Leg Split Squats
Протяжка с гантелями	Dumbbell Upright Rows
Протяжка с резиной	Upright Rows with Resistance Band
Протяжка со штангой	Barbell Upright Rows
Протяжка со штангой в смите	Barbell Upright Rows in Smith Machine
Пуловер лёжа с резиной	Lying Pullover with Resistance Band
Пуловер лёжа со штангой	Lying Barbell Pullover
Пуловер на простыне	Sheet Pullover
Пуловер на TRX-петлях	TRX Pullover
Разведение рук назад в тренажёре	Machine Reverse Flys
Разведение рук назад на простыне	Sheet Reverse Flys
Разведение рук назад на TRX	TRX Reverse Flys
Разведение рук назад с резиной	Reverse Flys with Resistance Band
Разводы с гантелями лёжа	Lying Dumbbell Flys
Разводы с гантелями под углом вверх	Incline Dumbbell Flys
Разгиб. бедра в кроссов. на четвереньках	Quadruped Cable Hip Extension
Разгибание бедра в кроссовере	Cable Hip Extension
Разгибание бедра в тренажёре	Machine Hip Extension
Разгибание бедра на четвереньках	Quadruped Hip Extension
Разгибание бедра с резиной на полу	Floor Hip Extension with Resistance Band
Разгибание бедра стоя с резиной	Standing Hip Extension with Resistance Band
Разгибание запястий сидя с резиной	Seated Wrist Extensions with Resistance Band
Разгибание запястий со штангой сидя	Seated Barbell Wrist Extensions
Разгибание рук на простыне	Sheet Triceps Extensions
Разгибание рук на TRX-петлях	TRX Triceps Extensions
Разгибание рук с верх. блока хватом снизу	High Pulley Triceps Extensions (underhand grip)
Разгибание рук с верхнего блока	High Pulley Triceps Extensions
Разгибание рук с гантелями в наклоне	Bent-Over Dumbbell Triceps Extensions
Разгибание рук с нижнего блока	Low Pulley Triceps Extensions
Разгибание рук с резиной в наклоне	Bent-Over Triceps Extensions with Resistance Band
Разгибание рук с резиной сверху	Overhead Triceps Extensions with Resistance Band
Разгибание рук статичное	Static Triceps Extensions
Разгибание руки с верхнего блока	Single-Arm High Pulley Triceps Extension
Разгибание руки с резиной стоя	Standing Single-Arm Triceps Extension with Resistance Band
Разгибание шеи лёжа	Lying Neck Extensions
Разгибание шеи с лямками	Neck Extensions with Straps
Разгибания рук на блоке	Cable Triceps Extensions
Рычажная тяга в тренажёре	Machine Lever Row
Сведение рук в кроссовере	Cable Crossover Flys
Сведение рук в кроссовере лёжа	Lying Cable Crossover Flys
Сведение рук в тренажёре «бабочка»	Pec Deck Flys
Сведение рук в упоре лёжа	Chest Flys in Push-up Position
Сведение рук на простыне	Sheet Chest Flys
Сведение рук на TRX	TRX Chest Flys
Сведение рук перед собой статичное	Static Front Chest Flys
Сведение рук с верхнего блока	High Pulley Chest Flys
Сведение рук с нижнего блока	Low Pulley Chest Flys
Сведение рук с резиной стоя	Standing Band Chest Flys
Сгибание запястий сидя с резиной	Seated Wrist Curls with Resistance Band
Сгибание запястий со штангой сидя	Seated Barbell Wrist Curls
Сгибание ног лёжа с резиной	Lying Leg Curls with Resistance Band
Сгибание ног с фиксацией голени	Leg Curls with Shin Support
Сгибание ноги с резиной стоя	Standing Single-Leg Curl with Resistance Band
Сгибание одной руки на простыне	Single-Arm Sheet Curl
Сгибание одной руки на TRX	Single-Arm TRX Curl
Сгибание рук «молот» на простыне	Sheet Hammer Curls
Сгибание рук «молот» на TRX	TRX Hammer Curls
Сгибание рук в тренажёре	Machine Biceps Curls
Сгибание рук на скамье скотта	Preacher Bench Curls
Сгибание рук с верхнего блока за голову	Overhead Cable Curls
Сгибание рук с гантелями сидя под углом	Incline Seated Dumbbell Curls
Сгибание рук с нижнего блока	Low Pulley Curls
Сгибание рук с резиной «молот»	Band Hammer Curls
Сгибание рук с резиной хватом сверху	Overhand Band Curls
Сгибание рук с EZ грифом	EZ-Bar Curls
Сгибание рук со штангой стоя	Standing Barbell Curls
Сгибание рук хватом сверху на простыне	Overhand Sheet Curls
Сгибание рук хватом сверху на TRX	Overhand TRX Curls
Сгибание руки с гантелью через лавку	Dumbbell Curl over Bench
Сгибание руки с резиной сверху	Overhead Band Curls
Сгибание руки сидя через колено	Seated Curl over Knee
Сгибание руки через колено с резиной	Band Curl over Knee
Сгибание шеи лёжа	Lying Neck Curls
Сгибание шеи с лямками	Neck Curls with Straps
Сгибания рук на простыне	Sheet Curls
Сгибания рук на TRX-петлях	TRX Curls
Сгибания рук с гантелями «молот»	Dumbbell Hammer Curls
Сгибания рук с гантелями сидя/стоя	Dumbbell Curls Seated/Standing
Сгибания рук с резиной стоя	Standing Band Curls
Сгибания рук с сэндбэгом	Sandbag Curls
Сгибания рук статичные	Static Curls
Скручивания в висе вниз головой	Inverted Hanging Crunches
Скручивания в римском стуле	Roman Chair Crunches
Скручивания лёжа на боку	Side-Lying Crunches
Скручивания лёжа на полу	Floor Crunches
Скручивания лёжа на полу с резиной	Floor Crunches with Resistance Band
Скручивания на наклонной лавке	Incline Bench Crunches
Скручивания на пресс	Ab Crunches
Скручивания с верхнего блока	High Pulley Crunches
Скручивания сидя с резиной	Seated Band Crunches
Скручивания c роликом для пресса	Ab Wheel Rollouts
Становая тяга «сумо»	Sumo Deadlift
Становая тяга на одной ноге в смите	Single-Leg Deadlift in Smith Machine
Становая тяга на одной ноге с гантелями	Single-Leg Dumbbell Deadlift
Становая тяга на одной ноге с резиной	Single-Leg Deadlift with Resistance Band
Становая тяга на одной ноге со штангой	Single-Leg Barbell Deadlift
Становая тяга на прямых ногах	Stiff-Leg Deadlift
Становая тяга на прямых ногах в смите	Stiff-Leg Deadlift in Smith Machine
Становая тяга с гантелями	Dumbbell Deadlift
Становая тяга с резиной	Band Deadlift
Становая тяга со штангой	Barbell Deadlift
Становая тяга статичная	Static Deadlift
Становая тяга стоя на подставке	Deficit Deadlift (on a Platform)
Статичное разведение рук в стороны	Static Lateral Raises
Тяга в наклоне с нижнего блока	Bent-Over Low Pulley Row
Тяга в наклоне с резиной	Bent-Over Band Row
Тяга верхнего блока	Lat Pulldown
Тяга гантелей в наклоне	Bent-Over Dumbbell Row
Тяга гантелей лёжа	Lying Dumbbell Row
Тяга горизонтальная с полотенцем	Horizontal Row with Towel
Тяга горизонтальная с резиной	Horizontal Band Row
Тяга горизонтальная с резиной стоя	Standing Horizontal Band Row
Тяга горизонтальная статичная	Static Horizontal Row
Тяга горизонтального блока	Seated Cable Row
Тяга к груди с верх. бл. обратным хватом	Reverse-Grip Lat Pulldown to Chest
Тяга лёжа с нижнего блока	Lying Low Pulley Row
Тяга Ли Хейни в смите	Lee Haney Row in Smith Machine
Тяга Ли Хейни со штангой	Lee Haney Barbell Row
Тяга нижнего блока (горизонтальная)	Seated Cable Row (horizontal)
Тяга одной рукой в наклоне в смите	Single-Arm Bent-Over Row in Smith Machine
Тяга одной рукой в наклоне с резиной	Single-Arm Bent-Over Band Row
Тяга резины сверху на прямых руках	Straight-Arm Band Pulldown
Тяга резины снизу в наклоне	Bent-Over Low Band Row
Тяга рукой в наклоне с нижнего блока	Single-Arm Bent-Over Low Pulley Row
Тяга рычажная вертикальная	Vertical Lever Row
Тяга с верх. блока на заднюю дельту	High Pulley Rear Delt Row
Тяга с верхнего блока на прямых руках	Straight-Arm Pulldown
Тяга с резиной на заднюю дельту	Band Rear Delt Row
Тяга сэндбэга в наклоне	Bent-Over Sandbag Row
Тяга Т-грифа в наклоне	Bent-Over T-Bar Row
Тяга Т-грифа лёжа	Lying T-Bar Row
Тяга штанги в наклоне	Bent-Over Barbell Row
Тяга штанги в наклоне в смите	Bent-Over Barbell Row in Smith Machine
Упражнение «велосипед»	Bicycle Crunch
Упражнение «Гильотина»	Guillotine Press
Упражнение «Крест» с гирями/гантелями	Iron Cross with Kettlebells/Dumbbells
Упражнение «планка»	Plank
Упражнение «Складка» на TRX	TRX Jackknife
Упражнение «Стульчик»	Wall Sit
Упражнение «Уголок»	L-Sit
Французский жим в тренажёре	Machine French Press
Французский жим с гантелей	Dumbbell French Press
Французский жим с гантелью 1-й рукой	Single-Arm Dumbbell French Press
Французский жим с гантелями лёжа	Lying Dumbbell French Press
Французский жим с резиной лёжа	Lying Band French Press
Французский жим с резиной стоя	Standing Band French Press
Французский жим сидя в смите	Seated French Press in Smith Machine
Французский жим со штангой сидя/стоя	Barbell French Press Seated/Standing
Шаг на платформу	Step-up onto Platform
Шраги в смите стоя	Standing Shrugs in Smith Machine
Шраги в тренажёре	Machine Shrugs
Шраги с резиной	Band Shrugs
test	Test
